HBL,opened,branch
HBL,opened,branch
HBL,opened,branch
bank,moved,bank headquarters
bank,moved,bank headquarters
bank,moved,bank headquarters
Government,nationalized,bank
Government,nationalized,bank
Government,nationalized,bank
Government,privatized,bank
Government,privatized,bank
Government,privatized,bank
Aga Khan Fund,acquired,share
Aga Khan Fund,acquired,share
Aga Khan Fund,acquired,share
Mohammed Ali Jinnah Governor General,persuaded,Habib family
Mohammed Ali Jinnah Governor General,persuaded,Habib family
Mohammed Ali Jinnah Governor General,persuaded,Habib family
that,could serve,community
that,could serve,community
that,could serve,community
bank,played,role
bank,played,role
bank,played,role
bank,played,role
bank,played,role
bank,played,role
that,preceded,departure
that,preceded,departure
that,preceded,departure
bank,moved,bank headquarters
bank,moved,bank headquarters
bank,moved,bank headquarters
This,gave,bank
This,gave,bank
This,gave,bank
Habib family,would own,bank
Habib family,would own,bank
Habib family,would own,bank
Habib family,manage,bank
Habib family,manage,bank
Habib family,manage,bank
Pakistan government,nationalized,it
Pakistan government,nationalized,it
Pakistan government,nationalized,it
Government,would grant,Aga Khan Fund
Government,would grant,Aga Khan Fund
Government,would grant,Aga Khan Fund
Habib Bank Limited Allied Bank,merged,Habib Bank Limited Allied Bank operations
Habib Bank Limited Allied Bank,merged,Habib Bank Limited Allied Bank operations
Habib Bank Limited Allied Bank,merged,Habib Bank Limited Allied Bank operations
Habib,contributed,branches Allied Habib
Habib,contributed,branches Allied Habib
Habib,contributed,branches Allied Habib
Habib Bank,has,% shareholding
Habib Bank,has,% shareholding
Habib Bank,has,% shareholding
Allied Bank,has,%
Allied Bank,has,%
Allied Bank,has,%
Government,granted,AKFED rights
Government,granted,AKFED rights
Government,granted,AKFED rights
Government,handed,management control
Government,handed,management control
Government,handed,management control
Board,was reconstituted,to have four AKFED nominees  including the Chairman and the President / CEO and three Government of Pakistan nominees
Board,was reconstituted,to have four AKFED nominees  including the Chairman and the President / CEO and three Government of Pakistan nominees
Board,was reconstituted,to have four AKFED nominees  including the Chairman and the President / CEO and three Government of Pakistan nominees
Allied Bank,acquired,Pakistan consumer business
Allied Bank,acquired,Pakistan consumer business
Allied Bank,acquired,Pakistan consumer business
Government,sold,Government % stake shares
Government,sold,Government % stake shares
Government,sold,Government % stake shares
Allied Bank,comprise,Aga Khan Fund %
Allied Bank,comprise,Aga Khan Fund %
Allied Bank,comprise,Aga Khan Fund %
CDC Group,holds,%
CDC Group,holds,%
CDC Group,holds,%
International Finance Corporation,holds,%
International Finance Corporation,holds,%
International Finance Corporation,holds,%
rest,are held,individuals institutions funds
rest,are held,individuals institutions funds
rest,are held,individuals institutions funds
Allied Bank,acquired,Pakistan operations
Allied Bank,acquired,Pakistan operations
Allied Bank,acquired,Pakistan operations
Allied Bank,absorbed,"staff 

"
Allied Bank,absorbed,"staff 

"
Allied Bank,absorbed,"staff 

"
HBL,received,license
HBL,received,license
HBL,received,license
HBL,appointed,banker
HBL,appointed,banker
HBL,appointed,banker
Allied Bank,was marred,penalty
Allied Bank,was marred,penalty
Allied Bank,was marred,penalty
HBL,was designated,one State Bank
HBL,was designated,one State Bank
HBL,was designated,one State Bank
